id,name,flag,code
1,Afghanistan,ğŸ‡¦ğŸ‡«,AF
2,Aland Islands,ğŸ‡¦ğŸ‡½,AX
3,Albania,ğŸ‡¦ğŸ‡±,AL
4,Algeria,ğŸ‡©ğŸ‡¿,DZ
5,American Samoa,ğŸ‡¦ğŸ‡¸,AS
6,Andorra,ğŸ‡¦ğŸ‡©,AD
7,Angola,ğŸ‡¦ğŸ‡´,AO
8,Anguilla,ğŸ‡¦ğŸ‡®,AI
9,Antarctica,ğŸ‡¦ğŸ‡¶,AQ
10,Antigua And Barbuda,ğŸ‡¦ğŸ‡¬,AQ
11,Argentina,ğŸ‡¦ğŸ‡·,AR
12,Armenia,ğŸ‡¦ğŸ‡²,AM
13,Aruba,ğŸ‡¦ğŸ‡¼,AW
14,Australia,ğŸ‡¦ğŸ‡º,AW
15,Austria,ğŸ‡¦ğŸ‡¹,AT
16,Azerbaijan,ğŸ‡¦ğŸ‡¿,AZ
18,Bahrain,ğŸ‡§ğŸ‡­,BH
19,Bangladesh,ğŸ‡§ğŸ‡©,BD
20,Barbados,ğŸ‡§ğŸ‡§,BB
21,Belarus,ğŸ‡§ğŸ‡¾,BY
22,Belgium,ğŸ‡§ğŸ‡ª,BE
23,Belize,ğŸ‡§ğŸ‡¿,BZ
24,Benin,ğŸ‡§ğŸ‡¯,BJ
25,Bermuda,ğŸ‡§ğŸ‡²,BM
26,Bhutan,ğŸ‡§ğŸ‡¹,BT
27,Bolivia,ğŸ‡§ğŸ‡´,BO
155,"Bonaire, Sint Eustatius and Saba",ğŸ‡§ğŸ‡¶,BQ
28,Bosnia and Herzegovina,ğŸ‡§ğŸ‡¦,BA
29,Botswana,ğŸ‡§ğŸ‡¼,BW
30,Bouvet Island,ğŸ‡§ğŸ‡»,BV
31,Brazil,ğŸ‡§ğŸ‡·,BR
32,British Indian Ocean Territory,ğŸ‡®ğŸ‡´,IO
33,Brunei,ğŸ‡§ğŸ‡³,BN
34,Bulgaria,ğŸ‡§ğŸ‡¬,BG
35,Burkina Faso,ğŸ‡§ğŸ‡«,BF
36,Burundi,ğŸ‡§ğŸ‡®,BI
37,Cambodia,ğŸ‡°ğŸ‡­,KH
38,Cameroon,ğŸ‡¨ğŸ‡²,CM
39,Canada,ğŸ‡¨ğŸ‡¦,CA
40,Cape Verde,ğŸ‡¨ğŸ‡»,CV
41,Cayman Islands,ğŸ‡°ğŸ‡¾,KY
42,Central African Republic,ğŸ‡¨ğŸ‡«,CF
43,Chad,ğŸ‡¹ğŸ‡©,TD
44,Chile,ğŸ‡¨ğŸ‡±,CL
45,China,ğŸ‡¨ğŸ‡³,CN
46,Christmas Island,ğŸ‡¨ğŸ‡½,CX
47,Cocos (Keeling) Islands,ğŸ‡¨ğŸ‡¨,CC
48,Colombia,ğŸ‡¨ğŸ‡´,CO
49,Comoros,ğŸ‡°ğŸ‡²,KM
50,Congo,ğŸ‡¨ğŸ‡¬,CG
52,Cook Islands,ğŸ‡¨ğŸ‡°,CK
53,Costa Rica,ğŸ‡¨ğŸ‡·,CR
54,Cote D'Ivoire (Ivory Coast),ğŸ‡¨ğŸ‡®,CI
55,Croatia,ğŸ‡­ğŸ‡·,HR
56,Cuba,ğŸ‡¨ğŸ‡º,CU
249,CuraÃ§ao,ğŸ‡¨ğŸ‡¼,CW
57,Cyprus,ğŸ‡¨ğŸ‡¾,CY
58,Czech Republic,ğŸ‡¨ğŸ‡¿,CZ
51,Democratic Republic of the Congo,ğŸ‡¨ğŸ‡©,CD
59,Denmark,ğŸ‡©ğŸ‡°,DK
60,Djibouti,ğŸ‡©ğŸ‡¯,DJ
61,Dominica,ğŸ‡©ğŸ‡²,DM
62,Dominican Republic,ğŸ‡©ğŸ‡´,DO
63,East Timor,ğŸ‡¹ğŸ‡±,TL
64,Ecuador,ğŸ‡ªğŸ‡¨,EC
65,Egypt,ğŸ‡ªğŸ‡¬,EG
66,El Salvador,ğŸ‡¸ğŸ‡»,SV
67,Equatorial Guinea,ğŸ‡¬ğŸ‡¶,GQ
68,Eritrea,ğŸ‡ªğŸ‡·,ER
69,Estonia,ğŸ‡ªğŸ‡ª,EE
70,Ethiopia,ğŸ‡ªğŸ‡¹,ET
71,Falkland Islands,ğŸ‡«ğŸ‡°,FK
72,Faroe Islands,ğŸ‡«ğŸ‡´,FO
73,Fiji Islands,ğŸ‡«ğŸ‡¯,FJ
74,Finland,ğŸ‡«ğŸ‡®,FI
75,France,ğŸ‡«ğŸ‡·,FR
76,French Guiana,ğŸ‡¬ğŸ‡«,GF
77,French Polynesia,ğŸ‡µğŸ‡«,PF
78,French Southern Territories,ğŸ‡¹ğŸ‡«,TF
79,Gabon,ğŸ‡¬ğŸ‡¦,GA
80,Gambia The,ğŸ‡¬ğŸ‡²,GM
81,Georgia,ğŸ‡¬ğŸ‡ª,GE
82,Germany,ğŸ‡©ğŸ‡ª,DE
83,Ghana,ğŸ‡¬ğŸ‡­,GH
84,Gibraltar,ğŸ‡¬ğŸ‡®,GI
85,Greece,ğŸ‡¬ğŸ‡·,GR
86,Greenland,ğŸ‡¬ğŸ‡±,GL
87,Grenada,ğŸ‡¬ğŸ‡©,GD
88,Guadeloupe,ğŸ‡¬ğŸ‡µ,GP
89,Guam,ğŸ‡¬ğŸ‡º,GU
90,Guatemala,ğŸ‡¬ğŸ‡¹,GT
91,Guernsey and Alderney,ğŸ‡¬ğŸ‡¬,GG
92,Guinea,ğŸ‡¬ğŸ‡³,GN
93,Guinea-Bissau,ğŸ‡¬ğŸ‡¼,GW
94,Guyana,ğŸ‡¬ğŸ‡¾,GY
95,Haiti,ğŸ‡­ğŸ‡¹,HT
96,Heard Island and McDonald Islands,ğŸ‡­ğŸ‡²,HM
97,Honduras,ğŸ‡­ğŸ‡³,HN
98,Hong Kong S.A.R.,ğŸ‡­ğŸ‡°,HK
99,Hungary,ğŸ‡­ğŸ‡º,HU
100,Iceland,ğŸ‡®ğŸ‡¸,IS
101,India,ğŸ‡®ğŸ‡³,IN
102,Indonesia,ğŸ‡®ğŸ‡©,ID
103,Iran,ğŸ‡®ğŸ‡·,IR
104,Iraq,ğŸ‡®ğŸ‡¶,IQ
105,Ireland,ğŸ‡®ğŸ‡ª,IE
106,Israel,ğŸ‡®ğŸ‡±,IL
107,Italy,ğŸ‡®ğŸ‡¹,IT
108,Jamaica,ğŸ‡¯ğŸ‡²,JM
109,Japan,ğŸ‡¯ğŸ‡µ,JP
110,Jersey,ğŸ‡¯ğŸ‡ª,JE
111,Jordan,ğŸ‡¯ğŸ‡´,JO
112,Kazakhstan,ğŸ‡°ğŸ‡¿,KZ
113,Kenya,ğŸ‡°ğŸ‡ª,KE
114,Kiribati,ğŸ‡°ğŸ‡®,KI
248,Kosovo,ğŸ‡½ğŸ‡°,XK
117,Kuwait,ğŸ‡°ğŸ‡¼,KW
118,Kyrgyzstan,ğŸ‡°ğŸ‡¬,KG
119,Laos,ğŸ‡±ğŸ‡¦,LA
120,Latvia,ğŸ‡±ğŸ‡»,LV
121,Lebanon,ğŸ‡±ğŸ‡§,LB
122,Lesotho,ğŸ‡±ğŸ‡¸,LS
123,Liberia,ğŸ‡±ğŸ‡·,LR
124,Libya,ğŸ‡±ğŸ‡¾,LY
125,Liechtenstein,ğŸ‡±ğŸ‡®,LI
126,Lithuania,ğŸ‡±ğŸ‡¹,LT
127,Luxembourg,ğŸ‡±ğŸ‡º,LU
128,Macau S.A.R.,ğŸ‡²ğŸ‡´,MO
130,Madagascar,ğŸ‡²ğŸ‡¬,MG
131,Malawi,ğŸ‡²ğŸ‡¼,MW
132,Malaysia,ğŸ‡²ğŸ‡¾,MY
133,Maldives,ğŸ‡²ğŸ‡»,MV
134,Mali,ğŸ‡²ğŸ‡±,ML
135,Malta,ğŸ‡²ğŸ‡¹,MT
136,Man (Isle of),ğŸ‡®ğŸ‡²,IM
137,Marshall Islands,ğŸ‡²ğŸ‡­,MH
138,Martinique,ğŸ‡²ğŸ‡¶,MQ
139,Mauritania,ğŸ‡²ğŸ‡·,MR
140,Mauritius,ğŸ‡²ğŸ‡º,MU
141,Mayotte,ğŸ‡¾ğŸ‡¹,YT
142,Mexico,ğŸ‡²ğŸ‡½,MX
143,Micronesia,ğŸ‡«ğŸ‡²,FM
144,Moldova,ğŸ‡²ğŸ‡©,MD
145,Monaco,ğŸ‡²ğŸ‡¨,MC
146,Mongolia,ğŸ‡²ğŸ‡³,MN
147,Montenegro,ğŸ‡²ğŸ‡ª,ME
148,Montserrat,ğŸ‡²ğŸ‡¸,MS
149,Morocco,ğŸ‡²ğŸ‡¦,MA
150,Mozambique,ğŸ‡²ğŸ‡¿,MZ
151,Myanmar,ğŸ‡²ğŸ‡²,MM
152,Namibia,ğŸ‡³ğŸ‡¦,NA
153,Nauru,ğŸ‡³ğŸ‡·,NR
154,Nepal,ğŸ‡³ğŸ‡µ,NP
156,Netherlands,ğŸ‡³ğŸ‡±,NL
157,New Caledonia,ğŸ‡³ğŸ‡¨,NC
158,New Zealand,ğŸ‡³ğŸ‡¿,NZ
159,Nicaragua,ğŸ‡³ğŸ‡®,NI
160,Niger,ğŸ‡³ğŸ‡ª,NE
161,Nigeria,ğŸ‡³ğŸ‡¬,NG
162,Niue,ğŸ‡³ğŸ‡º,NU
163,Norfolk Island,ğŸ‡³ğŸ‡«,NF
115,North Korea,ğŸ‡°ğŸ‡µ,KP
129,North Macedonia,ğŸ‡²ğŸ‡°,MK
164,Northern Mariana Islands,ğŸ‡²ğŸ‡µ,MP
165,Norway,ğŸ‡³ğŸ‡´,NO
166,Oman,ğŸ‡´ğŸ‡²,OM
167,Pakistan,ğŸ‡µğŸ‡°,PK
168,Palau,ğŸ‡µğŸ‡¼,PW
169,Palestinian Territory Occupied,ğŸ‡µğŸ‡¸,PS
170,Panama,ğŸ‡µğŸ‡¦,PA
171,Papua new Guinea,ğŸ‡µğŸ‡¬,PG
172,Paraguay,ğŸ‡µğŸ‡¾,PY
173,Peru,ğŸ‡µğŸ‡ª,PE
174,Philippines,ğŸ‡µğŸ‡­,PH
175,Pitcairn Island,ğŸ‡µğŸ‡³,PN
176,Poland,ğŸ‡µğŸ‡±,PL
177,Portugal,ğŸ‡µğŸ‡¹,PT
178,Puerto Rico,ğŸ‡µğŸ‡·,PR
179,Qatar,ğŸ‡¶ğŸ‡¦,QA
180,Reunion,ğŸ‡·ğŸ‡ª,RE
181,Romania,ğŸ‡·ğŸ‡´,RO
182,Russia,ğŸ‡·ğŸ‡º,RU
183,Rwanda,ğŸ‡·ğŸ‡¼,RW
184,Saint Helena,ğŸ‡¸ğŸ‡­,SH
185,Saint Kitts And Nevis,ğŸ‡°ğŸ‡³,KN
186,Saint Lucia,ğŸ‡±ğŸ‡¨,LC
187,Saint Pierre and Miquelon,ğŸ‡µğŸ‡²,PM
188,Saint Vincent And The Grenadines,ğŸ‡»ğŸ‡¨,VC
189,Saint-Barthelemy,ğŸ‡§ğŸ‡±,BL
190,Saint-Martin (French part),ğŸ‡²ğŸ‡«,MF
191,Samoa,ğŸ‡¼ğŸ‡¸,WS
192,San Marino,ğŸ‡¸ğŸ‡²,SM
193,Sao Tome and Principe,ğŸ‡¸ğŸ‡¹,ST
194,Saudi Arabia,ğŸ‡¸ğŸ‡¦,SA
195,Senegal,ğŸ‡¸ğŸ‡³,SN
196,Serbia,ğŸ‡·ğŸ‡¸,RS
197,Seychelles,ğŸ‡¸ğŸ‡¨,SC
198,Sierra Leone,ğŸ‡¸ğŸ‡±,SL
199,Singapore,ğŸ‡¸ğŸ‡¬,SG
250,Sint Maarten (Dutch part),ğŸ‡¸ğŸ‡½,SX
200,Slovakia,ğŸ‡¸ğŸ‡°,SK
201,Slovenia,ğŸ‡¸ğŸ‡®,SI
202,Solomon Islands,ğŸ‡¸ğŸ‡§,SB
203,Somalia,ğŸ‡¸ğŸ‡´,SO
204,South Africa,ğŸ‡¿ğŸ‡¦,ZA
205,South Georgia,ğŸ‡¬ğŸ‡¸,GS
116,South Korea,ğŸ‡°ğŸ‡·,KR
206,South Sudan,ğŸ‡¸ğŸ‡¸,SS
207,Spain,ğŸ‡ªğŸ‡¸,ES
208,Sri Lanka,ğŸ‡±ğŸ‡°,LK
209,Sudan,ğŸ‡¸ğŸ‡©,SD
210,Suriname,ğŸ‡¸ğŸ‡·,SR
211,Svalbard And Jan Mayen Islands,ğŸ‡¸ğŸ‡¯,SJ
212,Swaziland,ğŸ‡¸ğŸ‡¿,SZ
213,Sweden,ğŸ‡¸ğŸ‡ª,SE
214,Switzerland,ğŸ‡¨ğŸ‡­,CH
215,Syria,ğŸ‡¸ğŸ‡¾,SY
216,Taiwan,ğŸ‡¹ğŸ‡¼,TW
217,Tajikistan,ğŸ‡¹ğŸ‡¯,TJ
218,Tanzania,ğŸ‡¹ğŸ‡¿,TZ
219,Thailand,ğŸ‡¹ğŸ‡­,TH
17,The Bahamas,ğŸ‡§ğŸ‡¸,BS
220,Togo,ğŸ‡¹ğŸ‡¬,TG
221,Tokelau,ğŸ‡¹ğŸ‡°,TK
222,Tonga,ğŸ‡¹ğŸ‡´,TO
223,Trinidad And Tobago,ğŸ‡¹ğŸ‡¹,TT
224,Tunisia,ğŸ‡¹ğŸ‡³,TN
225,Turkey,ğŸ‡¹ğŸ‡·,TR
226,Turkmenistan,ğŸ‡¹ğŸ‡²,TM
227,Turks And Caicos Islands,ğŸ‡¹ğŸ‡¨,TC
228,Tuvalu,ğŸ‡¹ğŸ‡»,TV
229,Uganda,ğŸ‡ºğŸ‡¬,UG
230,Ukraine,ğŸ‡ºğŸ‡¦,UA
231,United Arab Emirates,ğŸ‡¦ğŸ‡ª,AE
232,United Kingdom,ğŸ‡¬ğŸ‡§,GB
233,United States,ğŸ‡ºğŸ‡¸,US
234,United States Minor Outlying Islands,ğŸ‡ºğŸ‡²,UM
235,Uruguay,ğŸ‡ºğŸ‡¾,UY
236,Uzbekistan,ğŸ‡ºğŸ‡¿,UZ
237,Vanuatu,ğŸ‡»ğŸ‡º,VU
238,Vatican City State (Holy See),ğŸ‡»ğŸ‡¦,VA
239,Venezuela,ğŸ‡»ğŸ‡ª,VE
240,Vietnam,ğŸ‡»ğŸ‡³,VN
241,Virgin Islands (British),ğŸ‡»ğŸ‡¬,VG
242,Virgin Islands (US),ğŸ‡»ğŸ‡®,VI
243,Wallis And Futuna Islands,ğŸ‡¼ğŸ‡«,WF
244,Western Sahara,ğŸ‡ªğŸ‡­,EH
245,Yemen,ğŸ‡¾ğŸ‡ª,YE
246,Zambia,ğŸ‡¿ğŸ‡²,ZM
247,Zimbabwe,ğŸ‡¿ğŸ‡¼,ZW